STATE,COUNTY,MONTH,DAY,HOUR,MINUTE,VE_TOTAL,PERSONS,PEDS,NHS,ROAD_FNC,ROUTE,SP_JUR,HARM_EV,MAN_COLL,REL_JUNC,REL_ROAD,TRAF_FLO,NO_LANES,SP_LIMIT,ALIGNMNT,PROFILE,PAVE_TYP,SUR_COND,TRA_CONT,T_CONT_F,HIT_RUN,LGT_COND,WEATHER1,WEATHER2,C_M_ZONE,NOT_HOUR,NOT_MIN,ARR_HOUR,ARR_MIN,HOSP_HR,HOSP_MN,SCH_BUS,CF1,CF2,CF3,FATALS,DAY_WEEK,DRUNK_DR,ST_CASE,CITY,MILEPT,YEAR,TWAY_ID,TWAY_ID2,RAIL,VE_FORMS,WEATHER,latitude,longitud
6,83,4,27,17,45,1,1,0,0,3,3,0,1,0,1,3,2,2,55,1,1,2,1,0,0,0,1,1,0,0,99,99,99,99,0,0,0,0,0,0,1,6,1,61180,0,218,2007,SR-246,99999999999999999999,0000000,1,1,34.62404444,-120.2638361
6,29,4,27,20,0,3,4,0,1,2,2,0,12,8,1,1,1,2,65,1,1,2,1,0,0,1,2,1,0,0,99,99,99,99,99,99,0,0,0,0,2,6,0,61235,0,121,2007,US-395,99999999999999999999,0000000,3,1,35.52272500,-117.6746000
6,111,4,27,23,16,1,1,0,1,3,3,0,30,0,1,4,1,2,55,2,1,1,1,0,0,0,2,1,0,0,99,99,99,99,0,0,0,0,0,0,1,6,1,61296,0,50,2007,SR-118,99999999999999999999,0000000,1,1,34.26255000,-119.0973417
6,37,4,27,20,15,3,4,0,0,13,4,0,12,5,2,1,1,4,25,1,1,2,1,3,3,1,3,1,0,0,99,99,99,99,99,99,0,0,0,0,1,6,1,61342,0,0,2007,WHITTIER BLVD,EASTERN BLVD,0000000,3,1,34.02392778,-118.1739500
32,3,4,27,17,3,2,2,0,0,15,6,0,12,5,2,1,3,7,35,1,1,2,1,3,3,0,1,1,0,0,17,3,17,6,17,29,0,0,0,0,1,6,0,320153,150,0,2007,COMMERCE ST,CRAIG RD,0000000,2,1,36.23958333,-115.1437167